url,pageviews,published
/guide-000,344,2024-05-08
/review-001,3840,2022-11-24
/best-002,278,2025-07-02
/how-to-003,2184,2021-09-20
/guide-004,2144,2021-11-23
/review-005,406,2024-10-09
/best-006,261,2025-03-23
/how-to-007,926,2023-04-25
/guide-008,782,2023-02-12
/review-009,516,2025-01-24
/best-010,803,2023-07-03
/how-to-011,1252,2024-10-28
/guide-012,852,2023-02-02
/review-013,1013,2024-02-28
/best-014,1547,2022-05-15
/how-to-015,473,2024-06-12
/guide-016,1799,2022-11-21
/review-017,3839,2021-09-24
/best-018,2264,2022-05-21
/how-to-019,406,2024-06-27
/guide-020,271,2025-01-26
/review-021,917,2023-04-19
/best-022,343,2025-11-16
/how-to-023,4502,2023-08-05
/guide-024,1763,2022-09-18
/review-025,2741,2022-10-13
/best-026,58601,2023-03-17
/how-to-027,2068,2023-02-05
/guide-028,1081,2024-07-20
/review-029,2598,2021-08-17
/best-030,2597,2022-01-22
/how-to-031,607,2025-09-25
/guide-032,3053,2022-02-10
/review-033,1139,2023-12-24
/best-034,2391,2022-03-17
/how-to-035,1181,2025-05-27
/guide-036,677,2024-03-12
/review-037,461,2025-09-01
/best-038,555,2024-02-12
/how-to-039,973,2025-05-08
/guide-040,8647,2021-02-03
/review-041,911,2025-09-25
/best-042,4044,2021-09-06
/how-to-043,6572,2022-07-07
/guide-044,737,2025-12-07
/review-045,492,2024-11-21
/best-046,3996,2023-08-04
/how-to-047,1501,2022-01-19
/guide-048,652,2024-01-03
/review-049,353,2024-02-02
/best-050,274,2025-04-09
/how-to-051,404,2024-03-24
/guide-052,486,2025-08-08
/review-053,881,2025-04-04
/best-054,2763,2021-07-14
/how-to-055,1915,2023-11-21
/guide-056,280,2025-07-24
/review-057,3151,2023-04-07
/best-058,2222,2022-07-06
/how-to-059,1769,2022-02-15
/guide-060,1092,2025-02-02
/review-061,601,2024-01-03
/best-062,1053,2025-03-14
/how-to-063,869,2023-07-02
/guide-064,1432,2022-07-09
/review-065,812,2025-05-14
/best-066,892,2024-09-22
/how-to-067,382,2024-05-07
/guide-068,493,2025-09-02
/review-069,271,2025-10-16
/best-070,1396,2024-03-02
/how-to-071,276,2025-03-03
/guide-072,777,2024-04-13
/review-073,9353,2021-04-19
/best-074,691,2024-07-22
/how-to-075,584,2024-05-07
/guide-076,446,2024-05-13
/review-077,3923,2021-08-11
/best-078,1985,2025-01-15
/how-to-079,624,2024-02-03
/guide-080,569,2024-03-12
/review-081,1244,2025-06-10
/best-082,5401,2022-12-10
/how-to-083,8547,2024-11-17
/guide-084,6406,2021-05-22
/review-085,8653,2021-05-04
/best-086,710,2025-03-09
/how-to-087,1703,2022-06-07
/guide-088,1398,2024-09-16
/review-089,8384,2022-01-03
/best-090,1252,2024-01-01
/how-to-091,807,2023-05-06
/guide-092,471,2025-07-18
/review-093,1928,2021-12-05
/best-094,1281,2024-10-18
/how-to-095,1581,2022-05-12
/guide-096,844,2025-01-12
/review-097,1768,2022-02-12
/best-098,1283,2025-07-20
/how-to-099,1784,2025-04-28
/guide-100,4708,2022-03-14
/review-101,4888,2021-06-26
/best-102,863,2025-12-26
/how-to-103,1625,2022-12-04
/guide-104,749,2023-08-08
/review-105,9155,2022-06-10
/best-106,1187,2025-04-01
/how-to-107,492,2024-05-28
/guide-108,5464,2021-06-21
/review-109,785,2024-09-11
/best-110,284,2025-05-06
/how-to-111,7084,2024-01-04
/guide-112,462,2024-06-14
/review-113,574,2024-07-19
/best-114,1478,2022-07-01
/how-to-115,1141,2024-11-24
/guide-116,699,2025-04-12
/review-117,6587,2023-06-20
/best-118,2939,2023-12-10
/how-to-119,763,2024-06-13
/guide-120,615,2024-04-14
/review-121,481,2024-12-06
/best-122,440,2024-09-27
/how-to-123,2338,2021-07-26
/guide-124,743,2024-08-15
/review-125,869,2023-08-26
/best-126,844,2025-03-22
/how-to-127,3112,2021-11-20
/guide-128,2576,2023-04-22
/review-129,2458,2023-03-01
/best-130,38821,2021-10-28
/how-to-131,407,2025-11-19
/guide-132,3457,2022-08-13
/review-133,3152,2022-01-25
/best-134,1294,2025-07-08
/how-to-135,14958,2022-09-15
/guide-136,2250,2021-02-15
/review-137,2891,2021-09-18
/best-138,3110,2024-08-20
/how-to-139,1352,2025-07-27
/guide-140,402,2025-03-24
/review-141,404,2025-04-27
/best-142,990,2024-09-16
/how-to-143,428,2024-02-23
/guide-144,1808,2022-06-18
/review-145,2054,2021-07-23
/best-146,1709,2022-07-14
/how-to-147,1158,2023-01-07
/guide-148,374,2025-10-23
/review-149,8788,2021-10-13
/best-150,6056,2023-05-25
/how-to-151,3776,2023-07-18
/guide-152,466,2025-10-08
/review-153,921,2023-08-01
/best-154,1650,2023-07-24
/how-to-155,2280,2022-03-20
/guide-156,1962,2024-10-19
/review-157,360,2024-07-05
/best-158,301,2025-05-13
/how-to-159,1140,2023-06-25
/guide-160,331,2025-07-09
/review-161,416,2025-12-18
/best-162,17234,2021-04-21
/how-to-163,18813,2021-01-25
/guide-164,2246,2021-01-20
/review-165,1580,2022-11-04
/best-166,405,2024-12-09
/how-to-167,297,2025-10-24
/guide-168,1029,2024-03-10
/review-169,1855,2021-05-19
/best-170,3548,2024-07-23
/how-to-171,2778,2022-11-08
/guide-172,5449,2021-11-20
/review-173,844,2025-10-26
/best-174,3197,2021-11-12
/how-to-175,3940,2021-01-28
/guide-176,1199,2023-07-12
/review-177,1248,2024-12-05
/best-178,1940,2023-11-09
/how-to-179,2187,2024-08-15
/guide-180,1925,2023-05-11
/review-181,969,2025-02-09
/best-182,319,2025-08-19
/how-to-183,481,2024-01-16
/guide-184,301,2025-04-12
/review-185,353,2025-10-23
/best-186,474,2025-09-07
/how-to-187,4673,2021-08-18
/guide-188,619,2025-11-23
/review-189,2337,2023-02-10
/best-190,3419,2022-05-22
/how-to-191,543,2024-09-12
/guide-192,2008,2023-06-12
/review-193,427,2024-05-08
/best-194,2132,2021-02-24
/how-to-195,979,2024-03-07
/guide-196,2335,2022-12-19
/review-197,451,2025-05-04
/best-198,337,2025-06-06
/how-to-199,1812,2023-03-09
/guide-200,1897,2021-05-23
/review-201,551,2025-08-04
/best-202,489,2025-08-16
/how-to-203,846,2023-01-09
/guide-204,420,2025-02-13
/review-205,1376,2023-11-02
/best-206,4915,2022-05-03
/how-to-207,285,2025-07-20
/guide-208,690,2024-09-13
/review-209,1122,2023-10-14
/best-210,1493,2023-10-24
/how-to-211,5282,2021-11-07
/guide-212,1522,2022-04-06
/review-213,383,2024-07-15
/best-214,540,2024-01-08
/how-to-215,1829,2022-08-03
/guide-216,2278,2024-11-19
/review-217,2521,2024-07-04
/best-218,731,2024-05-27
/how-to-219,1496,2022-05-20
/guide-220,485,2025-05-15
/review-221,4319,2021-12-13
/best-222,434,2025-08-15
/how-to-223,1875,2021-07-24
/guide-224,901,2023-02-08
/review-225,991,2025-10-19
/best-226,81379,2025-11-27
/how-to-227,1474,2022-03-16
/guide-228,520,2024-05-06
/review-229,397,2025-08-03
/best-230,1073,2023-06-22
/how-to-231,2072,2021-07-23
/guide-232,1627,2023-07-27
/review-233,267,2025-02-11
/best-234,1566,2022-07-28
/how-to-235,9014,2024-11-28
/guide-236,501,2024-04-17
/review-237,2072,2023-11-15
/best-238,307,2025-09-05
/how-to-239,398,2025-12-16
/guide-240,26532,2021-10-26
/review-241,1624,2022-09-01
/best-242,363,2024-02-15
/how-to-243,563,2025-03-16
/guide-244,335,2025-12-09
/review-245,1185,2023-08-08
/best-246,817,2023-04-20
/how-to-247,1618,2024-02-09
/guide-248,1083,2025-06-26
/review-249,1206,2024-05-24
/best-250,2752,2022-11-16
/how-to-251,402,2025-08-12
/guide-252,2114,2023-07-15
/review-253,1175,2025-12-08
/best-254,411,2024-07-02
/how-to-255,1169,2023-07-13
/guide-256,833,2025-11-05
/review-257,748,2023-09-19
/best-258,787,2023-08-04
/how-to-259,531,2024-12-05
/guide-260,1600,2023-03-03
/review-261,9588,2023-06-20
/best-262,735,2024-06-28
/how-to-263,594,2024-06-21
/guide-264,970,2024-09-02
/review-265,412,2024-11-10
/best-266,719,2025-07-04
/how-to-267,640,2025-02-15
/guide-268,1861,2022-01-02
/review-269,759,2023-06-12
/best-270,895,2023-07-19
/how-to-271,391,2024-03-03
/guide-272,483,2024-11-08
/review-273,1391,2023-04-15
/best-274,533,2024-11-01
/how-to-275,413,2025-05-22
/guide-276,357,2024-06-19
/review-277,16128,2022-12-09
/best-278,950,2023-07-28
/how-to-279,889,2023-10-12
/guide-280,12920,2024-05-01
/review-281,575,2025-05-01
/best-282,796,2024-12-02
/how-to-283,715,2025-05-25
/guide-284,519,2025-06-08
/review-285,693,2024-11-25
/best-286,577,2025-03-21
/how-to-287,3781,2021-01-10
/guide-288,266,2025-06-24
/review-289,10798,2021-06-24
/best-290,859,2023-09-12
/how-to-291,2071,2024-03-09
/guide-292,2204,2025-05-24
/review-293,870,2025-08-03
/best-294,17696,2022-11-24
/how-to-295,491,2024-09-12
/guide-296,2639,2021-05-18
/review-297,2558,2021-12-22
/best-298,2040,2022-11-12
/how-to-299,2216,2021-01-20
/guide-300,478,2025-10-08
/review-301,713,2024-08-23
/best-302,1073,2023-03-02
/how-to-303,340,2025-08-04
/guide-304,9167,2021-03-13
/review-305,1656,2023-12-23
/best-306,388,2025-12-24
/how-to-307,2126,2022-02-27
/guide-308,1073,2023-05-02
/review-309,405,2024-08-08
/best-310,280,2025-11-12
/how-to-311,5681,2024-06-02
/guide-312,850,2023-02-28
/review-313,279,2025-04-21
/best-314,4665,2024-01-26
/how-to-315,20312,2023-10-07
/guide-316,5323,2021-04-19
/review-317,6470,2022-06-25
/best-318,7902,2022-01-09
/how-to-319,291,2025-03-18
/guide-320,1648,2022-11-28
/review-321,1840,2021-04-19
/best-322,838,2023-01-05
/how-to-323,452,2025-12-03
/guide-324,2219,2023-09-19
/review-325,3058,2021-10-02
/best-326,1531,2025-11-17
/how-to-327,1562,2023-01-02
/guide-328,1046,2025-07-22
/review-329,4581,2021-08-03
/best-330,346,2025-03-03
/how-to-331,3758,2021-10-18
/guide-332,482,2024-10-17
/review-333,2409,2022-07-04
/best-334,284,2025-11-21
/how-to-335,470,2025-04-14
/guide-336,882,2023-06-27
/review-337,1084,2023-02-11
/best-338,1637,2023-06-05
/how-to-339,544,2024-02-27
/best-espresso-machines-2022,210000,2022-04-11
